"Organizator","1. Mexico 
2. Korea","1. Canada
2. Bosnia","1. Brazil
2. Morocco","1. Turkey
2. USA","1. Germany
2. Ecuador","1. Sweden
2. Netherlands","1. Belgium
2. Egypt","1. Spain
2. Uruguay","1. France
2. Senegal","1. Argentina
2. Austria","1. Portugal
2. Colombia","1. England
2. Croatia"
"Dino","1. Mexico
2. Korea","1. Switzerland
2. Bosnia","1. Morocco
2. Brazil","1. Turkey
2. USA","1. Germany
2. Cote d Ivore","1. Netherlands
2. Japan","1. Belgium
2. Iran","1. Spain
2. Uruguay","1. France
2. Norway","1. Argentina
2. Austria","1. Portugal
2. Colombia","1. England
2. Croatia"
"Dragan","","","","","","","","","","","",""
"Lule","","","","","","","","","","","",""
"Vanja","","","","","","","","","","","",""
"Panter","1. Mexico
2. Czechia","1. Switzerland
2. Bosnia","1. Brazil
2. Morroco","1. Turkey
2. USA","1. Germany
2. Ecuador","1. Netherlands
2. Sweden","1. Belgium
2. Egypt","1. Spain
2. Uruguay","1. France
2. Norway","1. Argentina
2. Austria","1. Portugal
2. Colombia","1. England
2. Croatia"
"Ćirkan","1. Mexico
2. Czechia","1. Switzerland
2. Bosnia","1. Brazil
2. Morroco","1. Turkey
2. USA","1. Germany
2. Cote d Ivore","1. Netherlands
2. Japan","1. Belgium
2. Egypt","1. Spain
2. Uruguay","1. France
2. Norway","1. Argentina
2. Austria","1. Portugal
2. Colombia","1. England
2. Croatia"
"Gis","1. Mexico
2. Korea","1. Switzerland
2. Bosnia","1. Brazil
2. Morroco","1. USA
2. Paraguay","1. Germany
2. Ecuador","1. Netherlands
2. Japan","1. Belgium
2. Egypt","1. Spain
2. Uruguay","1. France
2. Norway","1. Argentina
2. Austria","1. Portugal
2. Colombia","1. England
2. Croatia"
"Zoki","1. Mexico
2. Korea","1. Switzerland
2. Bosnia","1. Brazil
2. Morroco","1. Turkey
2. USA","1. Germany
2. Ecuador","1. Netherlands
2. Sweden","1. Belgium
2. Egypt","1. Spain
2. Uruguay","1. France
2. Norway","1. Argentina
2. Austria","1. Portugal
2. Colombia","1. England
2. Croatia"